"","n","nevent","coef","se","hazard_ratio","hr_confint_lower","hr_confint_upper","p_value","p_adjusted"
"CD11c+_epithelial_tumor_med_dist",70,55,0.423223,0.1189099,1.52687478094202,1.20944769644817,1.92761258177869,0.000372001230447124,0.0803522657765788
"NK/NKT_vascular_med_dist",56,42,0.4510403,0.1490486,1.56994460619735,1.17223293461266,2.10259069998111,0.00247706578270554,0.267523104532198
"Lymphatic_endothelial_cells_region",77,60,0.3126384,0.116415,1.36702708457096,1.08813935454639,1.71739312813441,0.00724102610050115,0.35147314344465
"B_cells_tumor_med_dist",61,48,0.3486365,0.13145,1.41713391324792,1.0952682109425,1.83358606413784,0.00799603670891491,0.35147314344465
"Neutrophils_prop",77,60,0.3338156,0.1304752,1.39628561813318,1.08121869394335,1.80316298481212,0.0105137103024044,0.35147314344465
"B_cells_M1_contact",77,60,-0.3625222,0.1419677,0.69591886036133,0.526884560678544,0.919182485785703,0.0106629762071584,0.35147314344465
"HLADR+_tumor_med_dist",51,40,0.4396546,0.1771889,1.55217105177959,1.09677132419148,2.19666116431207,0.0130912994996076,0.35147314344465
"B_cells_M1_med_dist",60,48,0.3383805,0.1406419,1.40267405441002,1.06473653083387,1.84786982125443,0.0161295129908678,0.35147314344465
"Vascular_endothelial_cells_tumor_med_dist",76,59,0.3243021,0.1365128,1.38306506691411,1.05838263723228,1.8073510581394,0.0175196468088238,0.35147314344465
"CD4+_T_cells_M1_med_dist",71,55,0.3158936,0.1340398,1.37148429885068,1.05461984159756,1.78355186182029,0.0184374180387641,0.35147314344465
"M1_macrophages_vascular_med_dist",75,59,0.2950432,0.1283077,1.34318437836399,1.04452753231771,1.72723477214414,0.0214767558507018,0.35147314344465
"CD163+_cells_M1_med_dist",75,59,0.2716792,0.1189195,1.31216599847526,1.03935589753031,1.65658328551926,0.0223384513912112,0.35147314344465
"NK/NKT_tumor_med_dist",57,43,0.3352021,0.1474042,1.3982229611488,1.0473835897764,1.86658208909028,0.0229639413625267,0.35147314344465
"CD4+_T_cells_tumor_med_dist",72,55,0.2897577,0.1330345,1.33610365807121,1.02943989082971,1.73412066213253,0.0294012524234379,0.35147314344465
"Other_immune_vascular_contact",77,60,-0.321154,0.1481002,0.725311580327775,0.542577150304359,0.969589095785681,0.0301213389072656,0.35147314344465
"CD11b_low_Neutrophils_prop",77,60,0.3003045,0.1387442,1.35026994918681,1.02877726183237,1.772229036662,0.0304299783361215,0.35147314344465
"NK/NKT_M1_med_dist",56,43,0.346605,0.1609402,1.41425793113995,1.03165871326001,1.93874725244351,0.0312695629618086,0.35147314344465
"CD8+_T_cells_tumor_contact",77,60,-0.2393251,0.1112679,0.787158921272506,0.632923136626589,0.978980118567632,0.031484884210137,0.35147314344465
"CD11c+_epithelial_M1_med_dist",70,55,0.2804611,0.1328729,1.32374001766789,1.02023695150466,1.71753006180682,0.0347941132979781,0.35147314344465
"Dendritic_cells_vascular_contact",77,60,0.2459395,0.1166226,1.27882220082793,1.01751497156102,1.60723553661472,0.0349576243165775,0.35147314344465
"HLADR+_M1_med_dist",50,40,0.36115,0.1712942,1.43497862913491,1.0257452837638,2.00748051067626,0.0349998239097319,0.35147314344465
"M1_macrophages_tumor_med_dist",76,60,0.2200436,0.1063913,1.24613101370996,1.0115869879902,1.53505582986489,0.0386168044054798,0.35147314344465
"Other_immune_vascular_med_dist",64,49,0.2684508,0.1298098,1.30793662622839,1.01412714572072,1.68686759391886,0.0386370132797913,0.35147314344465
"Monocytes_vascular_med_dist",60,46,0.2657954,0.130235,1.30446819549097,1.01059533947738,1.68379687356112,0.0412616052327577,0.35147314344465
"Lymphatic_endothelial_cells_prop",77,60,0.237227,0.1166599,1.26772882525394,1.00861468527155,1.5934096517215,0.0420028233215243,0.35147314344465
"B_cells_vascular_med_dist",60,47,0.2859685,0.1408906,1.33105048369213,1.00987651155998,1.75436835083952,0.0423849409172248,0.35147314344465
"Neuroepithelial_cells_tumor_contact",77,60,0.2528159,0.1258034,1.28764618683132,1.00626525643767,1.64770938065668,0.0444724209030204,0.35147314344465
"Unidentified_assort",77,60,0.2663808,0.1332281,1.3052320195775,1.00527246655058,1.69469540011979,0.0455613334094916,0.35147314344465
"CD8+_T_cells_prop",77,60,-0.2976899,0.1578022,0.742531575791786,0.544996153272881,1.0116642800812,0.0592310187305213,0.433656273181739
"CBX2",77,60,0.2657831,0.1414413,1.30445213080426,0.988628476287287,1.72116766042384,0.0602300379419082,0.433656273181739
"Other_immune_M1_contact",77,60,0.2246979,0.1220507,1.25194441891298,0.98558767011778,1.59028453334858,0.0656186204331812,0.457213613340875
"CD4+_T_cells_prop",77,60,-0.3001334,0.1696868,0.740719397535937,0.531148652799074,1.03297866424892,0.0769356571930221,0.489418089189839
"CD4+_T_cells_vascular_med_dist",71,54,0.2453913,0.1388813,1.27812132689626,0.97354523083443,1.67798482754304,0.0772425921206362,0.489418089189839
"Other_immune_prop",77,60,-0.3051102,0.1736411,0.737042180350021,0.52443154144846,1.03584764202918,0.0788954188482277,0.489418089189839
"Non-leukocyte_derived_neural_cells_vascular_contact",77,60,-0.3233992,0.1843004,0.723684904775661,0.504281152903189,1.03854732302617,0.0793038570446499,0.489418089189839
"Other_immune_tumor_med_dist",64,49,0.2236676,0.1310434,1.25065520318175,0.967371325801831,1.61689559688894,0.0878555128035509,0.524038361511493
"Monocytes_tumor_med_dist",61,47,0.2352499,0.1386568,1.26522494276981,0.964146074471506,1.66032326241057,0.0897658304440984,0.524038361511493
"Lymphatic_endothelial_cells_assort",77,60,0.2111446,0.1254901,1.23509099783129,0.965787452928272,1.57948808332384,0.0924603519738526,0.525564105956636
"Monocytes_prop",77,60,-0.2867561,0.1778301,0.750694766571428,0.529778285439216,1.0637329766933,0.106846884469483,0.591767360138675
"CD11b+_epithelial_assort",77,60,0.1970764,0.1233905,1.21783711136946,0.956222591512287,1.55102718027516,0.110226403809328,0.595222580570371
"CD11c_low_immune_prop",77,60,-0.2736243,0.1740669,0.760617790676102,0.540754901744459,1.06987365556307,0.115962375173557,0.610923732621666
"CD11c+_epithelial_vascular_contact",77,60,0.1835031,0.1179386,1.20141866383784,0.953465267957301,1.51385357634499,0.119726932978544,0.615738512461083
"M2_macrophages_vascular_med_dist",36,27,-0.324666,0.2117429,0.722768714356759,0.477269264323271,1.09454903867241,0.125201227274114,0.628917792818805
"Neutrophils_M1_contact",77,60,-0.2966916,0.1986781,0.743273230565221,0.503539319406278,1.09714390511998,0.135351354519553,0.664452104005078
"M1_macrophages_tumor_contact",77,60,0.1788398,0.1293795,1.19582921572388,0.927985377354075,1.54098065344103,0.166882994246348,0.80103837238247
"HLADR+_vascular_med_dist",51,40,0.2342213,0.171262,1.26392413050977,0.903529945371748,1.76807001900486,0.171431102326356,0.804980828315063
"CD4+_T_cells_region",77,60,-0.2457034,0.1815653,0.782154211506723,0.547953562959407,1.11645448069296,0.175975490078309,0.808738422487548
"Vascular_endothelial_cells_M1_med_dist",75,59,0.1746126,0.1315125,1.19078478489466,0.920215771774997,1.5409086079904,0.184268471624085,0.829208122308382
"CD11c+_epithelial_M1_contact",77,60,0.1710375,0.1313698,1.18653529320078,0.91718821185302,1.53498048036041,0.192931915699016,0.844651433410098
"Tumor_M1_contact",77,60,0.1851878,0.1448123,1.20344445487814,0.906069636048923,1.59841859649156,0.200963055994672,0.844651433410098
"Neuroepithelial_cells_vascular_contact",77,60,-0.1345921,0.1056817,0.8740723939067,0.710544025449668,1.07523604790891,0.202819021393521,0.844651433410098
"Other_immune_M1_med_dist",63,49,0.1796991,0.1417025,1.19685715811548,0.906619201388442,1.58000961675917,0.20474683799423,0.844651433410098
"Age",77,60,0.01524134,0.01208521,1.01535808074767,0.991590328380513,1.03969553013224,0.2072524350497,0.844651433410098
"Fibroblast_vascular_contact",77,60,-0.1713542,0.1375964,0.84252307130236,0.643368119014521,1.10332654773766,0.213006971241716,0.852027884966864
"Other_immune_region",77,60,-0.1612277,0.1334775,0.851098274162727,0.655184298284896,1.10559467645818,0.227085039407107,0.86062984545656
"M1_macrophages_prop",77,60,-0.1886732,0.1586187,0.828057063207947,0.606797477123885,1.12999563409289,0.234252288100652,0.86062984545656
"CD163+_cells_tumor_contact",77,60,0.1669393,0.1404502,1.18168250486949,0.897324212566062,1.5561527514358,0.234596609983025,0.86062984545656
"Other_immune_tumor_contact",77,60,0.1531871,0.1290966,1.16554302669264,0.904984420312451,1.50112036912505,0.235382090059473,0.86062984545656
"CD8+_T_cells_region",77,60,-0.1746808,0.1487466,0.839724978037089,0.627369961721194,1.12395887875288,0.240254171626583,0.86062984545656
"CD11b_low_Neutrophils_vascular_contact",77,60,-0.1712217,0.1486332,0.842634755713442,0.629683860098461,1.12760287587048,0.249331470668758,0.86062984545656
"CD11c_low_immune_vascular_med_dist",43,33,0.1835562,0.1605001,1.20148250457746,0.877201731975669,1.64564222365873,0.252768236655565,0.86062984545656
"CD4+_T_cells_vascular_contact",77,60,0.1520414,0.1358597,1.16420843387156,0.892044936626576,1.51940919324454,0.263095029296136,0.86062984545656
"CD163+_cells_tumor_med_dist",76,59,0.1268403,0.1142517,1.13523566525878,0.907475192919483,1.42016005035842,0.266920498330243,0.86062984545656
"CD11b+_epithelial_vascular_contact",77,60,0.1427558,0.1286356,1.15344808920223,0.896402919629798,1.48420142923421,0.267098472701223,0.86062984545656
"B_cells_tumor_contact",77,60,0.1579673,0.1433291,1.17112790182826,0.884305609105622,1.55098028138466,0.270405141338871,0.86062984545656
"BRCA_Mutation",53,40,0.366658,0.3346176,1.44290432013986,0.748876996648043,2.7801266247957,0.27318727522134,0.86062984545656
"CD163+_cells_region",77,60,-0.1378452,0.1259467,0.871233529480424,0.680657318167916,1.11516888547382,0.273747892385508,0.86062984545656
"Vascular_endothelial_cells_prop",77,60,-0.1701011,0.1555473,0.843579533405318,0.621904792552704,1.14426908700824,0.274145887924089,0.86062984545656
"CD56+CD45-_M1_contact",77,60,-0.1581429,0.1448467,0.853727812853716,0.642725719392431,1.13400033085493,0.274923422854179,0.86062984545656
"CD163+_cells_prop",77,60,-0.177514,0.1648206,0.837349251671874,0.606193285029625,1.15665050503022,0.281474069336065,0.862286099090887
"CD11b+_epithelial_tumor_contact",77,60,-0.1479277,0.1388484,0.862493436961472,0.657003763323892,1.13225368000653,0.286699217121028,0.862286099090887
"CD4+_T_cells_assort",77,60,-0.1450607,0.1365395,0.864969746678679,0.661878469707435,1.13037770060731,0.288050329547097,0.862286099090887
"CD11c_low_immune_vascular_contact",77,60,-0.1613461,0.1546831,0.850997496415775,0.628437117155726,1.15237741237117,0.296913362899276,0.862286099090887
"NK/NKT_prop",77,60,-0.1650844,0.1589999,0.847822165592811,0.620817284822147,1.15783249281857,0.299145712999138,0.862286099090887
"CD11b_low_Neutrophils_M1_med_dist",71,55,0.1306927,0.1259433,1.13961751010105,0.890340173966121,1.45868748519297,0.299404895517669,0.862286099090887
"NK/NKT_region",77,60,-0.1411135,0.1384346,0.868390751289632,0.662032732648383,1.13907131737833,0.308036135667167,0.870331198634756
"CD8+_T_cells_M1_med_dist",70,54,0.1320678,0.1308483,1.14118566786553,0.883035273124265,1.47480487833064,0.312821203204923,0.870331198634756
"M2_macrophages_M1_contact",77,60,-0.1538577,0.1528992,0.857394007874717,0.635378328531319,1.15698702919049,0.314286266173662,0.870331198634756
"CD56+CD45-_tumor_contact",77,60,-0.1352163,0.1377812,0.873526950426323,0.666801739287957,1.14434214574175,0.326403361137854,0.879201216479554
"ATF6",77,60,0.1221861,0.1262958,1.12996439396773,0.882188795591443,1.44733138531741,0.333314361989611,0.879201216479554
"CD56+CD45-_prop",77,60,0.1212394,0.1255345,1.12889509199517,0.882670047402583,1.44380579411406,0.334151845536853,0.879201216479554
"CD11b+_epithelial_prop",77,60,0.1037889,0.1089682,1.10936618763517,0.896026896935261,1.3735004412006,0.340858985858475,0.879201216479554
"Monocytes_M1_med_dist",61,47,0.1254019,0.1321727,1.13360390950089,0.874894565282432,1.46881450020307,0.342736239098912,0.879201216479554
"Vascular_endothelial_cells_assort",77,60,0.134159,0.1428089,1.14357463240413,0.864381326990726,1.512946773655,0.347509816657189,0.879201216479554
"Fibroblast_region",77,60,-0.1420901,0.1523557,0.867543116647822,0.643584585684884,1.16943611761939,0.351015989120882,0.879201216479554
"CD11c+_epithelial_vascular_med_dist",69,54,0.1253515,0.135136,1.13354686163216,0.869784157798624,1.47729580493649,0.353617540972682,0.879201216479554
"CD56+CD45-_assort",77,60,0.112975,0.1222916,1.1196039827717,0.880987355536612,1.42285024905349,0.355581520004341,0.879201216479554
"CD11b+_epithelial_region",77,60,0.1304188,0.1419426,1.13930545610861,0.862617730801726,1.50474175984356,0.358193088195374,0.879201216479554
"NK/NKT_vascular_contact",77,60,-0.1238549,0.1377566,0.883507999068204,0.674453199783908,1.15736182238827,0.368607376517991,0.888530582615644
"CD11b_low_Neutrophils_M1_contact",77,60,-0.1244729,0.1399927,0.882962208524568,0.671088932481462,1.16172719284731,0.37392887912934,0.888530582615644
"Dendritic_cells_M1_contact",77,60,0.09711533,0.1093169,1.10198745576652,0.889458953276548,1.36529780063858,0.374334643601961,0.888530582615644
"Fibroblast_M1_med_dist",74,58,-0.1185377,0.1355191,0.888218338888763,0.681029079858214,1.15844071989197,0.381740694528446,0.890085265376465
"CD11c+_epithelial_prop",77,60,-0.1234614,0.1438666,0.883855786770533,0.666686974761423,1.17176588321275,0.390800903502332,0.890085265376465
"M2_macrophages_assort",77,60,0.1124073,0.131656,1.11896847943485,0.864474208531262,1.44838382176378,0.393218568665342,0.890085265376465
"B_cells_prop",77,60,-0.1265924,0.1509169,0.881092740731301,0.65548228423673,1.18435606337306,0.401569172936856,0.890085265376465
"Neuroepithelial_cells_M1_contact",77,60,-0.1003006,0.1202275,0.904565463643979,0.71466443273564,1.14492710220003,0.404136328271848,0.890085265376465
"Fibroblast_tumor_contact",77,60,0.1201176,0.1442686,1.12762948360303,0.849893964176107,1.49612575908041,0.40507204625207,0.890085265376465
"Neuroepithelial_cells_assort",77,60,0.1015773,0.1232767,1.10691543951978,0.869322954151453,1.40944373365046,0.40995208741655,0.890085265376465
"CD11b_low_Neutrophils_tumor_contact",77,60,0.1099938,0.1340195,1.11627116669513,0.858404702566524,1.45160122477117,0.411800172512477,0.890085265376465
"Dendritic_cells_tumor_contact",77,60,-0.1174681,0.144525,0.889168876482523,0.669829673012174,1.18033184070486,0.416339835267567,0.890085265376465
"CD11c_low_immune_region",77,60,-0.1044887,0.1304968,0.90078494400408,0.697496463575517,1.16332276608967,0.423305703048108,0.890085265376465
"Tumor_assort",77,60,0.09885022,0.12473,1.10390094530698,0.864489516587534,1.40961489256678,0.42806129416427,0.890085265376465
"H3K14Ace",77,60,-0.1007252,0.1291758,0.904181449342293,0.70194159829971,1.16468961992713,0.435536146110584,0.890085265376465
"Unidentified_vascular_med_dist",76,59,-0.1103463,0.1426701,0.895523995845406,0.677074116139725,1.18445412107502,0.439264124686851,0.890085265376465
"Unidentified_M1_med_dist",76,60,-0.1052814,0.136458,0.900071196092354,0.68884835391458,1.17606168822402,0.440392887918417,0.890085265376465
"M2_macrophages_M1_med_dist",36,27,-0.1572509,0.2039054,0.85448963168396,0.572983568408239,1.27429924855222,0.440591210704943,0.890085265376465
"HLADR+_region",77,60,0.09662546,0.1253838,1.10144775490916,0.861463758918605,1.40828577433989,0.440921867570749,0.890085265376465
"Dendritic_cells_M1_med_dist",28,24,-0.1665878,0.2188853,0.846548495684584,0.551234398304171,1.30007190725131,0.446613264771929,0.893226529543858
"CD11b+_epithelial_vascular_med_dist",57,42,0.1200295,0.1615125,1.12753009839231,0.821577265732821,1.54741881963663,0.457385487415823,0.894028930068074
"CD4+_T_cells_M1_contact",77,60,-0.1034105,0.1395158,0.901756712425344,0.686014489653359,1.18534692877268,0.458566196859705,0.894028930068074
"Non-leukocyte_derived_neural_cells_vascular_med_dist",33,27,0.1611193,0.2196089,1.17482510518797,0.763909203725285,1.80677758698176,0.463153238663286,0.894028930068074
"Unidentified_prop",77,60,0.08611446,0.119163,1.08993107487785,0.86291350317407,1.37667303109144,0.469888319831206,0.894028930068074
"Lymphatic_endothelial_cells_vascular_med_dist",29,26,0.1401967,0.1958579,1.15050007361479,0.783740131281662,1.68888942464008,0.474109826724917,0.894028930068074
"HLADR+_M1_contact",77,60,-0.1062408,0.149462,0.899208093418207,0.6708692793651,1.20526490053924,0.477194930879803,0.894028930068074
"B_cells_vascular_contact",77,60,0.1071098,0.1509607,1.11305649622893,0.827978890231764,1.49628786242442,0.478000916718054,0.894028930068074
"CD8+_T_cells_tumor_med_dist",71,54,0.08886227,0.1258496,1.09293011330164,0.854021909013481,1.3986716499362,0.480126647629151,0.894028930068074
"CD56+CD45-_region",77,60,0.08528343,0.1262212,1.08902568610127,0.850351421621454,1.39469037721712,0.499252443282907,0.907511524847342
"Tumor_vascular_contact",77,60,0.09206779,0.1364499,1.09643914643868,0.839147163410349,1.43261975284222,0.499843039553976,0.907511524847342
"Unidentified_tumor_contact",77,60,-0.09371218,0.1389287,0.910544796452905,0.693497659324024,1.19552216968635,0.499971627114971,0.907511524847342
"Monocytes_M1_contact",77,60,-0.08998089,0.1363319,0.9139486537498,0.699642033618436,1.19389931072469,0.509245131268866,0.916641236283959
"Unidentified_tumor_med_dist",77,60,-0.08284202,0.1284906,0.920496553429089,0.715567777917066,1.18411411332867,0.519100745132774,0.92082954459381
"Non-leukocyte_derived_neural_cells_M1_contact",77,60,0.07421894,0.1153912,1.07704259208143,0.859036667129807,1.35037395904569,0.520098168705763,0.92082954459381
"Fibroblast_assort",77,60,-0.08258325,0.132847,0.920734784474023,0.709667640878928,1.19457686176937,0.534177339859729,0.93806752365611
"Neutrophils_tumor_contact",77,60,-0.0648452,0.1058486,0.937212528133603,0.761622127552542,1.15328493108938,0.540126341541348,0.940865240104284
"M2_macrophages_region",77,60,0.1018651,0.1683014,1.1072340478633,0.796124534290124,1.53991892467036,0.545010429900771,0.941778022868532
"CD11c_low_immune_tumor_contact",77,60,0.07167668,0.1215905,1.0743079467652,0.846507436175151,1.36341101703454,0.55553092374619,0.947547176511947
"HLADR+_tumor_contact",77,60,-0.08940739,0.1522811,0.914472953074934,0.678498600562378,1.23251659062001,0.557122645449154,0.947547176511947
"HLADR+_assort",77,60,0.06943883,0.121799,1.0719064914606,0.844270043466253,1.36091945382556,0.568603168339407,0.957210457906258
"Neutrophils_tumor_med_dist",56,42,0.07964267,0.1436995,1.08290004230663,0.817092279951984,1.4351775563179,0.579421092106451,0.957210457906258
"CD8+_T_cells_vascular_contact",77,60,-0.06897844,0.1262073,0.933346803755384,0.728811534290232,1.195283300406,0.584688659587807,0.957210457906258
"Fibroblast_tumor_med_dist",75,58,-0.06768733,0.1266051,0.934552635701822,0.729184357169266,1.19776106043712,0.592903194714535,0.957210457906258
"Lymphatic_endothelial_cells_M1_contact",77,60,-0.07801648,0.1462941,0.924949185916401,0.694371877334221,1.23209338461676,0.593836140224785,0.957210457906258
"Neuroepithelial_cells_prop",77,60,0.06080617,0.1200624,1.06269291767414,0.839867009215549,1.34463697809678,0.612537310139633,0.957210457906258
"CD11b+_epithelial_M1_contact",77,60,-0.06437781,0.1353421,0.937650675667111,0.719180098346615,1.22248765170259,0.634311426815694,0.957210457906258
"Vascular_endothelial_cells_M1_contact",77,60,0.05691863,0.1199053,1.05856966886995,0.836865857090025,1.33900760122765,0.635003369284616,0.957210457906258
"CD163+_cells_assort",77,60,-0.05960102,0.1266774,0.942140356113458,0.735000462480528,1.20765699605408,0.638001765028606,0.957210457906258
"CD11c+_epithelial_tumor_contact",77,60,-0.06354912,0.1381583,0.938428026803003,0.715814331946564,1.23027316188902,0.645535518442081,0.957210457906258
"Non-leukocyte_derived_neural_cells_tumor_contact",77,60,0.06190844,0.1349145,1.06386493478091,0.816670938322721,1.38588083197977,0.646326217528711,0.957210457906258
"Neuroepithelial_cells_tumor_med_dist",51,41,-0.07404659,0.1637157,0.92862842729201,0.673731656474449,1.27996175879192,0.651061680168329,0.957210457906258
"Dendritic_cells_vascular_med_dist",29,24,-0.09189971,0.2146726,0.912196630378099,0.598906213824648,1.38937061140058,0.668583842875859,0.957210457906258
"Monocytes_region",77,60,-0.0552249,0.131327,0.946272306141958,0.731527060856728,1.22405762586901,0.674109643850793,0.957210457906258
"Other_immune_assort",77,60,-0.0568723,0.1384289,0.944714702958474,0.720227599312762,1.23917199346085,0.681189018140606,0.957210457906258
"M2_macrophages_prop",77,60,0.05031444,0.1226203,1.05160170547295,0.826945125503066,1.33729084657325,0.681565998448365,0.957210457906258
"Vascular_endothelial_cells_tumor_contact",77,60,0.05199061,0.1278322,1.05336585339724,0.819914010203315,1.35328779273835,0.684221019243691,0.957210457906258
"Dendritic_cells_prop",77,60,-0.05910471,0.1457848,0.942608062203765,0.708335279841416,1.25436355383916,0.685165669531948,0.957210457906258
"Non-leukocyte_derived_neural_cells_prop",77,60,0.05150607,0.1271438,1.05285558153529,0.820623198350115,1.35080860228992,0.685403349481955,0.957210457906258
"Monocytes_assort",77,60,0.05274829,0.132684,1.05416427236408,0.812769661674482,1.36725368272167,0.690963158097093,0.957210457906258
"Lymphatic_endothelial_cells_M1_med_dist",30,27,0.07604958,0.192177,1.07901607248779,0.740366160487944,1.57256739546234,0.692306600624271,0.957210457906258
"CD11c_low_immune_M1_contact",77,60,0.04843446,0.125754,1.04962657800664,0.820337960030383,1.34300252693064,0.700124503439603,0.957210457906258
"Dendritic_cells_assort",77,60,-0.05225401,0.137336,0.949087760237263,0.725113118499762,1.24224421493828,0.703586929765329,0.957210457906258
"HLADR+_prop",77,60,0.04956136,0.1312107,1.05081006373045,0.812526439385762,1.3589733656814,0.705635986671066,0.957210457906258
"M2_macrophages_tumor_med_dist",36,27,-0.06968241,0.1875713,0.93268998178668,0.645767708739306,1.34709523308855,0.710266453243316,0.957210457906258
"M2_macrophages_tumor_contact",77,60,-0.06568028,0.1776245,0.936430214033858,0.661121342397012,1.32638517246491,0.711553576894233,0.957210457906258
"Neutrophils_assort",77,60,0.05427771,0.1480684,1.05577775944471,0.789835193034196,1.4112648906616,0.713938356781783,0.957210457906258
"Non-leukocyte_derived_neural_cells_assort",77,60,-0.04736578,0.1302253,0.953738476235852,0.738892553645088,1.23105460538935,0.716065862689213,0.957210457906258
"Fibroblast_prop",77,60,0.04533383,0.124894,1.04637710982025,0.819178037553215,1.33658985685961,0.716620918135098,0.957210457906258
"NK/NKT_assort",77,60,0.04651565,0.1339046,1.04761447015953,0.805789616395034,1.36201318031081,0.728306651726711,0.957210457906258
"CD11b_low_Neutrophils_tumor_med_dist",71,55,0.04384492,0.1264217,1.04482031143638,0.815513641791511,1.33860358337095,0.728730511854996,0.957210457906258
"Monocytes_vascular_contact",77,60,-0.04002679,0.1161638,0.960763697483803,0.765134448995099,1.20641134850884,0.730416221695734,0.957210457906258
"B_cells_assort",77,60,-0.04757083,0.1394804,0.953542926944218,0.725461453982846,1.25333208061368,0.733060252399843,0.957210457906258
"M1_macrophages_vascular_contact",77,60,0.040567,0.1209487,1.04140108589116,0.821611186959803,1.31998716535045,0.7373182207308,0.957210457906258
"CD11c+_epithelial_assort",77,60,-0.04257788,0.1286501,0.958315833204154,0.744734505142897,1.2331498404167,0.740675702479197,0.957210457906258
"Neuroepithelial_cells_region",77,60,0.04769943,0.1448541,1.04885534882362,0.789615368035525,1.39320685398111,0.74193425854697,0.957210457906258
"Monocytes_tumor_contact",77,60,-0.03503909,0.1075968,0.965567666774297,0.781980873233584,1.19225540039707,0.744687851003372,0.957210457906258
"CD4+_T_cells_tumor_contact",77,60,0.03728865,0.1178227,1.03799259155099,0.823954732124745,1.30763084197158,0.751637524043962,0.957210457906258
"Neutrophils_vascular_med_dist",55,41,0.04802954,0.1535533,1.04920164859046,0.776522711490783,1.41763284333506,0.754442167570436,0.957210457906258
"Neutrophils_vascular_contact",77,60,-0.04229941,0.135673,0.958582730140639,0.734758373905752,1.2505891503344,0.755211734703751,0.957210457906258
"M1_macrophages_region",77,60,-0.04145401,0.1354646,0.959393457906823,0.735680241033083,1.25113569148178,0.759594264889633,0.957210457906258
"CD56+CD45-_vascular_med_dist",41,32,-0.05693784,0.1987044,0.944652787123359,0.639933290321921,1.3944717390324,0.774460413829583,0.957210457906258
"Dendritic_cells_region",77,60,0.03804899,0.1342618,1.03878211730285,0.798436994045798,1.35147581496743,0.776874770789305,0.957210457906258
"Neuroepithelial_cells_M1_med_dist",51,41,-0.04250807,0.1560964,0.958382734413884,0.705780170236869,1.30139313111386,0.785376546899709,0.957210457906258
"M1_macrophages_assort",77,60,-0.03991857,0.1528084,0.960867678371108,0.712185027618202,1.2963859945582,0.793912960221675,0.957210457906258
"Tumor_region",77,60,-0.03573326,0.1413484,0.964897638069704,0.731417404242393,1.2729085287721,0.800420640017447,0.957210457906258
"Neutrophils_region",77,60,-0.03610923,0.1438536,0.964534935315185,0.727561291334626,1.27869315276091,0.80180346176983,0.957210457906258
"Lymphatic_endothelial_cells_tumor_med_dist",30,27,-0.04761329,0.1955289,0.953502444054502,0.649961038203138,1.39880217025218,0.807610131662767,0.957210457906258
"CD8+_T_cells_M1_contact",77,60,-0.02998964,0.1275107,0.970455584993563,0.755854815672629,1.24598537036126,0.814058784178823,0.957210457906258
"CD56+CD45-_tumor_med_dist",41,32,0.04477337,0.1932373,1.04579082760941,0.716078942327865,1.52731548222405,0.816769908513501,0.957210457906258
"Vascular_endothelial_cells_region",77,60,-0.02992005,0.1302897,0.970523125382748,0.751801344066028,1.25287769746255,0.818369598007034,0.957210457906258
"Fibroblast_vascular_med_dist",74,57,-0.02842956,0.1249604,0.971970761447298,0.7608283639541,1.24170865055372,0.820028378380692,0.957210457906258
"Lymphatic_endothelial_cells_tumor_contact",77,60,0.03651393,0.1611169,1.03718875020382,0.756336128077697,1.42233124085121,0.820711434228291,0.957210457906258
"Unidentified_region",77,60,-0.02798496,0.1238164,0.972402992331305,0.762875273914456,1.23947860394399,0.821186073957558,0.957210457906258
"HLADR+_vascular_contact",77,60,-0.02891065,0.1298351,0.971503262894416,0.753231378211601,1.2530261180242,0.823790769277134,0.957210457906258
"NK/NKT_M1_contact",77,60,-0.02697202,0.122556,0.973388476651696,0.765537324603145,1.23767332568596,0.825809472855553,0.957210457906258
"Lymphatic_endothelial_cells_vascular_contact",77,60,0.03135845,0.1433571,1.03185530558174,0.779099594492902,1.36661009604324,0.826849830051376,0.957210457906258
"CD11b_low_Neutrophils_region",77,60,-0.03022233,0.138241,0.970229799632322,0.739952171454177,1.27217122999263,0.82694562523547,0.957210457906258
"Non-leukocyte_derived_neural_cells_region",77,60,0.02598486,0.1201856,1.02632540474076,0.810929201171929,1.29893440129425,0.828827082955265,0.957210457906258
"Tumor_M1_med_dist",76,60,-0.02888461,0.1343472,0.97152856202494,0.74661897918368,1.26418932969294,0.829767540206498,0.957210457906258
"Unidentified_M1_contact",77,60,0.02503551,0.1245739,1.02535152998201,0.803221499294816,1.30891137869128,0.84072264823558,0.957210457906258
"CD163+_cells_vascular_med_dist",75,58,0.0245191,0.1246377,1.02482216273981,0.802706342981047,1.30839935977372,0.844044355242309,0.957210457906258
"CD56+CD45-_M1_med_dist",40,32,-0.037534,0.1916003,0.963161665138182,0.661620080885172,1.40213457842849,0.844690493022015,0.957210457906258
"CD11c_low_immune_tumor_med_dist",43,33,0.03077278,0.1588802,1.03125115478936,0.755310242622637,1.40800281029119,0.846422210463404,0.957210457906258
"Dendritic_cells_tumor_med_dist",29,24,-0.03558823,0.195536,0.965037585602548,0.657814906780614,1.41574405205169,0.855579982795554,0.959507858263607
"DUSP1",77,60,-0.02342557,0.1303131,0.976846673966274,0.756665054818916,1.261098842033,0.857338040022575,0.959507858263607
"CD11c_low_immune_assort",77,60,-0.02232853,0.13398,0.977918902166333,0.752071077984297,1.27158909205411,0.867640907711632,0.96350080897612
"CD163+_cells_vascular_contact",77,60,0.01811472,0.1190705,1.01827978815544,0.806332378285458,1.28593834861337,0.879080954044245,0.96350080897612
"Fibroblast_M1_contact",77,60,0.01904054,0.1261729,1.01922296997181,0.795922299426256,1.30517195367812,0.880047980740897,0.96350080897612
"B_cells_region",77,60,-0.01953332,0.1320771,0.980656221543034,0.756994178989994,1.27040161145516,0.882426996680609,0.96350080897612
"CD163+_cells_M1_contact",77,60,-0.01997516,0.1359758,0.980223019560362,0.750900030697398,1.27958067491841,0.883209074894777,0.96350080897612
"CD11b_low_Neutrophils_vascular_med_dist",70,54,0.01598595,0.1328489,1.01611440812703,0.783179768344997,1.31832885901174,0.90422026963803,0.978376372740531
"CD11b+_epithelial_tumor_med_dist",58,43,0.01953956,0.1732019,1.01973171034322,0.726199916321982,1.43190977815874,0.910178184789271,0.978376372740531
"CD11c_low_immune_M1_med_dist",43,33,0.0178165,0.1648003,1.01797616101338,0.736986231575957,1.40609881160954,0.913908702651272,0.978376372740531
"Unidentified_vascular_contact",77,60,0.01524478,0.1427674,1.01536157669507,0.767532672060121,1.34321204680644,0.914963089322163,0.978376372740531
"Tumor_vascular_med_dist",76,59,-0.01018724,0.1251179,0.989864471554683,0.774595934912528,1.26495844850629,0.935107017881148,0.991083497647358
"Neutrophils_M1_med_dist",55,42,0.01117128,0.1471513,1.01123391428476,0.757872577141892,1.34929546237984,0.939485156248056,0.991083497647358
"CD11b+_epithelial_M1_med_dist",58,43,-0.01205557,0.1618173,0.988016810920224,0.719490784165271,1.35676125413267,0.940611652859761,0.991083497647358
"M2_macrophages_vascular_contact",77,60,0.007532944,0.1481302,1.00756138836248,0.75367286294057,1.3469769196121,0.95944222559133,0.998460640934373
"Non-leukocyte_derived_neural_cells_tumor_med_dist",33,27,0.008601592,0.2133876,1.00863869160639,0.663895613204281,1.5323975486074,0.967846209808706,0.998460640934373
"Tumor_prop",77,60,0.004725781,0.1321656,1.00473696475658,0.7754481929051,1.30182309738363,0.971476518072318,0.998460640934373
"CD8+_T_cells_vascular_med_dist",70,53,0.004494211,0.1291044,1.00450432535773,0.779934225147038,1.29373594224841,0.972230700721311,0.998460640934373
"CD56+CD45-_vascular_contact",77,60,0.00628684,0.182715,1.00630664353452,0.703401158798506,1.43965224986471,0.972551876828616,0.998460640934373
"Non-leukocyte_derived_neural_cells_M1_med_dist",33,27,0.004720823,0.2129882,1.00473198370012,0.66184203197526,1.52526782872519,0.982316562692825,0.998460640934373
"Neuroepithelial_cells_vascular_med_dist",51,41,0.002015261,0.1515874,1.00201729335745,0.744464077427387,1.34867307453841,0.989392930813042,0.998460640934373
"CD11b_low_Neutrophils_assort",77,60,0.001833898,0.1482126,1.0018355803484,0.749268819243904,1.33953863323025,0.990127685692924,0.998460640934373
"NK/NKT_tumor_contact",77,60,0.001485805,0.1221298,1.00148690959886,0.788293986690761,1.27233753781168,0.990293344088599,0.998460640934373
"CD8+_T_cells_assort",77,60,0.001071397,0.1387312,1.00107197137858,0.762740925843279,1.31387350268617,0.993838137967084,0.998460640934373
"CD11c+_epithelial_region",77,60,0.0001870025,0.1212956,1.00018701994358,0.788558966525991,1.26861036058062,0.998769895529021,0.998769895529021
